date,OT,dgs1mo,dbaa,t5yifr
2019-10-10,7950.779785,1.74,3.94,1.75
2019-10-11,8057.040039,1.76,3.98,1.78
2019-10-15,8148.709961,1.74,3.98,1.79
2019-10-16,8124.180176,1.71,3.97,1.79
2019-10-17,8156.850098,1.74,3.97,1.66
2019-10-18,8089.540039,1.75,3.97,1.68
2019-10-21,8162.990234,1.76,3.99,1.69
2019-10-22,8104.299805,1.75,3.95,1.69
2019-10-23,8119.790039,1.74,3.95,1.7
2019-10-24,8185.799805,1.75,3.94,1.72
2019-10-25,8243.120117,1.73,3.96,1.75
2019-10-28,8325.990234,1.74,4.01,1.75
2019-10-29,8276.849609,1.66,3.99,1.71
2019-10-30,8303.980469,1.61,3.95,1.67
2019-10-31,8292.360352,1.59,3.87,1.64
2019-11-01,8386.400391,1.58,3.89,1.68
2019-11-04,8433.200195,1.58,3.95,1.72
2019-11-05,8434.679688,1.56,4.01,1.78
2019-11-06,8410.629883,1.55,3.95,1.75
2019-11-07,8434.519531,1.57,4.05,1.77
2019-11-08,8475.30957,1.56,4.05,1.79
2019-11-12,8486.089844,1.56,4.02,1.8
2019-11-13,8482.099609,1.56,3.99,1.74
2019-11-14,8479.019531,1.59,3.95,1.7
2019-11-15,8540.830078,1.59,3.97,1.74
2019-11-18,8549.94043,1.59,3.95,1.72
2019-11-19,8570.660156,1.58,3.92,1.73
2019-11-20,8526.730469,1.57,3.89,1.69
2019-11-21,8506.209961,1.57,3.92,1.73
2019-11-22,8519.879883,1.58,3.91,1.71
2019-11-25,8632.490234,1.6,3.89,1.71
2019-11-26,8647.929688,1.63,3.85,1.72
2019-11-27,8705.179688,1.65,3.86,1.72
2019-11-29,8665.469727,1.62,3.86,1.72
2019-12-02,8567.990234,1.6,3.94,1.76
2019-12-03,8520.639648,1.56,3.83,1.75
2019-12-04,8566.669922,1.59,3.88,1.78
2019-12-05,8570.700195,1.52,3.89,1.79
2019-12-06,8656.530273,1.52,3.91,1.79
2019-12-09,8621.830078,1.54,3.88,1.79
2019-12-10,8616.179688,1.53,3.86,1.83
2019-12-11,8654.049805,1.54,3.83,1.78
2019-12-12,8717.320313,1.57,3.92,1.82
2019-12-13,8734.879883,1.55,3.84,1.78
2019-12-16,8814.230469,1.57,3.89,1.82
2019-12-17,8823.360352,1.56,3.88,1.85
2019-12-18,8827.740234,1.56,3.9,1.84
2019-12-19,8887.219727,1.54,3.88,1.86
2019-12-20,8924.959961,1.57,3.88,1.87
2019-12-23,8945.650391,1.57,3.89,1.83
2019-12-24,8952.879883,1.55,3.87,1.83
2019-12-26,9022.389648,1.59,3.87,1.82
2019-12-27,9006.620117,1.56,3.84,1.82
2019-12-30,8945.990234,1.51,3.87,1.84
2019-12-31,8972.599609,1.48,3.9,1.86
2020-01-02,9092.19043,1.53,3.86,1.88
2020-01-03,9020.769531,1.52,3.79,1.85
2020-01-06,9071.469727,1.54,3.83,1.81
2020-01-07,9068.580078,1.52,3.86,1.81
2020-01-08,9129.240234,1.5,3.92,1.82
2020-01-09,9203.429688,1.53,3.88,1.81
2020-01-10,9178.860352,1.52,3.82,1.85
2020-01-13,9273.929688,1.54,3.84,1.84
2020-01-14,9251.330078,1.53,3.81,1.84
2020-01-15,9258.700195,1.53,3.8,1.83
2020-01-16,9357.129883,1.54,3.81,1.8
2020-01-17,9388.94043,1.54,3.82,1.82
2020-01-21,9370.80957,1.52,3.75,1.82
2020-01-22,9383.769531,1.52,3.74,1.8
2020-01-23,9402.480469,1.55,3.72,1.76
2020-01-24,9314.910156,1.54,3.68,1.74
2020-01-27,9139.30957,1.53,3.65,1.7
2020-01-28,9269.679688,1.53,3.69,1.71
2020-01-29,9275.160156,1.52,3.65,1.7
2020-01-30,9298.929688,1.59,3.65,1.69
2020-01-31,9150.94043,1.56,3.64,1.7
2020-02-03,9273.400391,1.56,3.64,1.7
2020-02-04,9467.969727,1.55,3.7,1.7
2020-02-05,9508.679688,1.55,3.73,1.71
2020-02-06,9572.150391,1.59,3.7,1.73
2020-02-07,9520.509766,1.57,3.64,1.71
2020-02-10,9628.389648,1.58,3.62,1.7
2020-02-11,9638.94043,1.57,3.64,1.7
2020-02-12,9725.959961,1.57,3.68,1.68
2020-02-13,9711.969727,1.59,3.66,1.69
2020-02-14,9731.179688,1.6,3.63,1.68
2020-02-18,9732.740234,1.61,3.6,1.66
2020-02-19,9817.179688,1.61,3.61,1.65
2020-02-20,9750.969727,1.61,3.57,1.63
2020-02-21,9576.589844,1.6,3.55,1.62
2020-02-24,9221.280273,1.6,3.51,1.61
2020-02-25,8965.610352,1.59,3.52,1.54
2020-02-26,8980.780273,1.59,3.53,1.58
2020-02-27,8566.480469,1.56,3.57,1.58
2020-02-28,8567.370117,1.45,3.51,1.49
2020-03-02,8952.169922,1.41,3.54,1.5
2020-03-03,8684.089844,1.11,3.5,1.56
2020-03-04,9018.089844,1.0,3.49,1.58
2020-03-05,8738.589844,0.92,3.44,1.52
2020-03-06,8575.620117,0.79,3.29,1.48
2020-03-09,7950.680176,0.57,3.47,1.18
2020-03-10,8344.25,0.57,3.69,1.23
2020-03-11,7952.049805,0.42,3.81,1.23
2020-03-12,7201.799805,0.41,4.08,1.21
2020-03-13,7874.879883,0.33,4.24,1.27
2020-03-16,6904.589844,0.25,4.11,1.16
2020-03-17,7334.779785,0.12,4.51,1.1
2020-03-18,6989.839844,0.04,4.99,1.1
2020-03-19,7150.580078,0.04,5.13,0.86
2020-03-20,6879.52002,0.04,5.15,1.19
2020-03-23,6860.669922,0.01,5.07,1.23
2020-03-24,7417.859863,0.01,5.03,1.39
2020-03-25,7384.299805,0.0,5.01,1.45
2020-03-26,7797.540039,0.01,4.87,1.42
2020-03-27,7502.379883,0.01,4.7,1.34
2020-03-30,7774.149902,0.04,4.59,1.33
2020-03-31,7700.100098,0.05,4.63,1.25
2020-04-01,7360.580078,0.03,4.59,1.26
2020-04-02,7487.310059,0.09,4.55,1.33
2020-04-03,7373.080078,0.09,4.54,1.38
2020-04-06,7913.240234,0.09,4.58,1.43
2020-04-07,7887.259766,0.1,4.54,1.48
2020-04-08,8090.899902,0.14,4.52,1.51
2020-04-09,8153.580078,0.2,4.34,1.56
2020-04-13,8192.419922,0.17,4.17,1.58
2020-04-14,8515.740234,0.17,4.12,1.64
2020-04-15,8393.179688,0.14,3.96,1.51
2020-04-16,8532.360352,0.14,3.89,1.36
2020-04-17,8650.139648,0.12,3.92,1.35
2020-04-20,8560.730469,0.1,3.91,1.32
2020-04-21,8263.230469,0.08,3.87,1.34
2020-04-22,8495.379883,0.09,3.93,1.43
2020-04-23,8494.75,0.09,3.87,1.43
2020-04-24,8634.519531,0.1,3.85,1.5
2020-04-27,8730.160156,0.09,3.91,1.56
2020-04-28,8607.730469,0.08,3.87,1.52
2020-04-29,8914.709961,0.1,3.87,1.5
2020-04-30,8889.549805,0.1,3.87,1.42
2020-05-01,8604.950195,0.1,3.89,1.44
2020-05-04,8710.709961,0.1,3.92,1.45
2020-05-05,8809.120117,0.09,3.94,1.49
2020-05-06,8854.389648,0.08,4.03,1.49
2020-05-07,8979.660156,0.1,3.97,1.46
2020-05-08,9121.320313,0.1,4.06,1.5
2020-05-11,9192.339844,0.09,4.14,1.51
2020-05-12,9002.549805,0.1,4.09,1.46
2020-05-13,8863.169922,0.1,4.07,1.43
2020-05-14,8943.719727,0.09,4.04,1.41
2020-05-15,9014.55957,0.09,4.05,1.43
2020-05-18,9234.830078,0.1,4.11,1.5
2020-05-19,9185.099609,0.09,4.0,1.48
2020-05-20,9375.780273,0.08,3.92,1.49
2020-05-21,9284.879883,0.09,3.86,1.47
2020-05-22,9324.589844,0.09,3.84,1.44
2020-05-26,9340.219727,0.1,3.83,1.44
2020-05-27,9412.360352,0.11,3.79,1.46
2020-05-28,9368.990234,0.14,3.8,1.5
2020-05-29,9489.870117,0.13,3.73,1.47
2020-06-01,9552.049805,0.12,3.76,1.52
2020-06-02,9608.379883,0.12,3.76,1.52
2020-06-03,9682.910156,0.12,3.79,1.54
2020-06-04,9615.80957,0.13,3.81,1.56
2020-06-05,9814.080078,0.13,3.77,1.59
2020-06-08,9924.75,0.15,3.69,1.58
2020-06-09,9953.75,0.14,3.64,1.54
2020-06-10,10020.34961,0.13,3.61,1.54
2020-06-11,9492.730469,0.14,3.57,1.47
2020-06-12,9588.80957,0.14,3.62,1.47
2020-06-15,9726.019531,0.15,3.64,1.48
2020-06-16,9895.870117,0.14,3.64,1.52
2020-06-17,9910.530273,0.13,3.61,1.51
2020-06-18,9943.049805,0.13,3.57,1.44
2020-06-19,9946.120117,0.13,3.57,1.54
2020-06-22,10056.48047,0.14,3.57,1.57
2020-06-23,10131.37012,0.12,3.59,1.62
2020-06-24,9909.169922,0.11,3.58,1.56
2020-06-25,10017.0,0.13,3.6,1.55
2020-06-26,9757.219727,0.12,3.56,1.53
2020-06-29,9874.150391,0.11,3.58,1.54
2020-06-30,10058.76953,0.13,3.59,1.52
2020-07-01,10154.62988,0.12,3.58,1.57
2020-07-02,10207.62988,0.13,3.55,1.61
2020-07-06,10433.65039,0.12,3.52,1.62
2020-07-07,10343.88965,0.12,3.46,1.6
2020-07-08,10492.5,0.11,3.44,1.59
2020-07-09,10547.75,0.11,3.35,1.56
2020-07-10,10617.44043,0.1,3.39,1.57
2020-07-13,10390.83984,0.11,3.38,1.57
2020-07-14,10488.58008,0.11,3.34,1.55
2020-07-15,10550.49023,0.12,3.35,1.54
2020-07-16,10473.83008,0.12,3.31,1.52
2020-07-17,10503.19043,0.11,3.32,1.57
2020-07-20,10767.08984,0.11,3.28,1.55
2020-07-21,10680.36035,0.09,3.24,1.56
2020-07-22,10706.12988,0.09,3.21,1.56
2020-07-23,10461.41992,0.09,3.17,1.61
2020-07-24,10363.17969,0.1,3.17,1.67
2020-07-27,10536.26953,0.1,3.18,1.66
2020-07-28,10402.08984,0.09,3.16,1.66
2020-07-29,10542.94043,0.09,3.19,1.68
2020-07-30,10587.80957,0.1,3.15,1.67
2020-07-31,10745.26953,0.09,3.15,1.7
2020-08-03,10902.79981,0.09,3.19,1.7
2020-08-04,10941.16992,0.09,3.14,1.69
2020-08-05,10998.40039,0.08,3.14,1.7
2020-08-06,11108.07031,0.07,3.12,1.73
2020-08-07,11010.98047,0.08,3.14,1.72
2020-08-10,10968.36035,0.09,3.15,1.73
2020-08-11,10782.82031,0.08,3.23,1.76
2020-08-12,11012.24023,0.08,3.24,1.78
2020-08-13,11042.5,0.08,3.3,1.78
2020-08-14,11019.29981,0.09,3.32,1.77
2020-08-17,11129.73047,0.09,3.33,1.78
2020-08-18,11210.83984,0.08,3.31,1.81
2020-08-19,11146.45996,0.07,3.33,1.79
2020-08-20,11264.9502,0.08,3.3,1.76
2020-08-21,11311.79981,0.07,3.28,1.76
2020-08-24,11379.71973,0.09,3.28,1.77
2020-08-25,11466.46973,0.08,3.32,1.8
2020-08-26,11665.05957,0.08,3.35,1.81
2020-08-27,11625.33984,0.09,3.45,1.81
2020-08-28,11695.62988,0.09,3.45,1.86
2020-08-31,11775.45996,0.08,3.39,1.91
2020-09-01,11939.66992,0.09,3.35,1.87
2020-09-02,12056.44043,0.1,3.3,1.85
2020-09-03,11458.09961,0.1,3.27,1.77
2020-09-04,11313.12988,0.09,3.4,1.83
2020-09-08,10847.69043,0.1,3.36,1.81
2020-09-09,11141.55957,0.1,3.4,1.85
2020-09-10,10919.58984,0.1,3.37,1.84
2020-09-11,10853.54981,0.1,3.36,1.77
2020-09-14,11056.65039,0.1,3.34,1.76
2020-09-15,11190.32031,0.09,3.36,1.8
2020-09-16,11050.46973,0.08,3.36,1.79
2020-09-17,10910.28027,0.09,3.34,1.75
2020-09-18,10793.28027,0.09,3.36,1.76
2020-09-21,10778.79981,0.09,3.34,1.74
2020-09-22,10963.63965,0.08,3.34,1.74
2020-09-23,10632.99023,0.08,3.36,1.72
2020-09-24,10672.26953,0.08,3.37,1.71
2020-09-25,10913.55957,0.08,3.4,1.73
2020-09-28,11117.53027,0.09,3.43,1.74
2020-09-29,11085.25,0.07,3.4,1.79
2020-09-30,11167.50977,0.08,3.44,1.76
2020-10-01,11326.50977,0.09,3.43,1.78
2020-10-02,11075.01953,0.1,3.46,1.8
2020-10-05,11332.49023,0.09,3.52,1.84
2020-10-06,11154.59961,0.08,3.46,1.81
2020-10-07,11364.59961,0.08,3.5,1.88
2020-10-08,11420.98047,0.09,3.46,1.88
2020-10-09,11579.94043,0.1,3.46,1.9
2020-10-13,11863.90039,0.09,3.39,1.88
2020-10-14,11768.73047,0.1,3.37,1.86
2020-10-15,11713.87012,0.1,3.39,1.86
2020-10-16,11671.55957,0.09,3.4,1.89
2020-10-19,11478.87988,0.09,3.39,1.89
2020-10-20,11516.49023,0.08,3.45,1.91
2020-10-21,11484.69043,0.08,3.46,1.92
2020-10-22,11506.00977,0.09,3.48,1.84
2020-10-23,11548.28027,0.08,3.45,1.84
2020-10-26,11358.94043,0.08,3.41,1.81
2020-10-27,11431.34961,0.08,3.39,1.78
2020-10-28,11004.87012,0.07,3.41,1.79
2020-10-29,11185.58984,0.08,3.46,1.81
2020-10-30,10911.58984,0.08,3.49,1.81
2020-11-02,10957.61035,0.09,3.47,1.82
2020-11-03,11160.57031,0.09,3.48,1.82
2020-11-04,11590.78027,0.08,3.36,1.72
2020-11-05,11890.92969,0.09,3.31,1.77
2020-11-06,11895.23047,0.1,3.34,1.76
2020-11-09,11713.78027,0.1,3.43,1.83
2020-11-10,11553.86035,0.09,3.42,1.83
2020-11-12,11709.58984,0.1,3.33,1.79
2020-11-13,11829.29004,0.1,3.33,1.8
2020-11-16,11924.12988,0.09,3.33,1.8
2020-11-17,11899.33984,0.08,3.29,1.77
2020-11-18,11801.59961,0.07,3.27,1.77
2020-11-19,11904.70996,0.08,3.21,1.78
2020-11-20,11854.96973,0.09,3.18,1.77
2020-11-23,11880.62988,0.08,3.19,1.8
2020-11-24,12036.79004,0.08,3.19,1.83
2020-11-25,12094.40039,0.07,3.2,1.83
2020-11-27,12205.84961,0.09,3.16,1.83
2020-11-30,12198.74023,0.08,3.13,1.86
2020-12-01,12355.11035,0.07,3.2,1.9
2020-12-02,12349.37012,0.07,3.19,1.94
2020-12-03,12377.17969,0.08,3.15,1.94
2020-12-04,12464.23047,0.07,3.2,1.95
2020-12-07,12519.9502,0.09,3.16,1.92
2020-12-08,12582.76953,0.08,3.14,1.94
2020-12-09,12338.9502,0.07,3.19,1.98
2020-12-10,12405.80957,0.07,3.14,1.93
2020-12-11,12377.87012,0.08,3.13,1.92
2020-12-14,12440.04004,0.07,3.14,1.92
2020-12-15,12595.05957,0.07,3.18,1.96
2020-12-16,12658.19043,0.08,3.17,1.94
2020-12-17,12764.75,0.08,3.17,1.98
2020-12-18,12755.63965,0.08,3.19,1.98
2020-12-21,12742.51953,0.08,3.18,2.0
2020-12-22,12807.91992,0.07,3.15,1.96
2020-12-23,12771.11035,0.07,3.2,2.01
2020-12-24,12804.73047,0.09,3.17,2.02
2020-12-28,12899.41992,0.09,3.16,2.02
2020-12-29,12850.21973,0.08,3.16,2.02
2020-12-30,12870.0,0.06,3.13,2.0
2020-12-31,12888.28027,0.08,3.11,2.03
2021-01-04,12698.4502,0.09,3.12,2.04
2021-01-05,12818.95996,0.08,3.19,2.05
2021-01-06,12740.79004,0.09,3.31,2.08
2021-01-07,13067.48047,0.09,3.31,2.09
2021-01-08,13201.98047,0.08,3.32,2.05
2021-01-11,13036.42969,0.09,3.3,2.08
2021-01-12,13072.42969,0.09,3.31,2.1
2021-01-13,13128.9502,0.09,3.23,2.08
2021-01-14,13112.63965,0.09,3.27,2.09
2021-01-15,12998.5,0.08,3.24,2.11
2021-01-19,13197.17969,0.07,3.21,2.08
2021-01-20,13457.25,0.08,3.21,2.09
2021-01-21,13530.91016,0.07,3.24,2.02
2021-01-22,13543.05957,0.07,3.24,2.02
2021-01-25,13635.99023,0.07,3.2,2.01
2021-01-26,13626.05957,0.05,3.21,2.01
2021-01-27,13270.59961,0.05,3.2,2.01
2021-01-28,13337.16016,0.05,3.24,2.08
2021-01-29,13070.69043,0.07,3.28,2.05
2021-02-01,13403.38965,0.06,3.28,2.04
2021-02-02,13612.78027,0.04,3.3,2.07
2021-02-03,13610.54004,0.03,3.32,2.11
2021-02-04,13777.74023,0.03,3.34,2.09
2021-02-05,13856.29981,0.02,3.37,2.14
2021-02-08,13987.63965,0.04,3.33,2.13
2021-02-09,14007.7002,0.04,3.33,2.13
2021-02-10,13972.53027,0.05,3.31,2.11
2021-02-11,14025.76953,0.05,3.34,2.08
2021-02-12,14095.46973,0.03,3.39,2.07
2021-02-16,14047.5,0.03,3.45,2.11
2021-02-17,13965.49023,0.03,3.42,2.07
2021-02-18,13865.36035,0.03,3.42,2.03
2021-02-19,13874.45996,0.03,3.48,1.99
2021-02-22,13533.04981,0.03,3.53,1.97
2021-02-23,13465.2002,0.03,3.57,1.97
2021-02-24,13597.96973,0.03,3.6,1.96
2021-02-25,13119.42969,0.04,3.66,1.94
2021-02-26,13192.34961,0.04,3.56,1.91
2021-03-01,13588.83008,0.03,3.58,1.92
2021-03-02,13358.79004,0.04,3.57,1.97
2021-03-03,12997.75,0.04,3.61,1.97
2021-03-04,12723.46973,0.03,3.67,1.97
2021-03-05,12920.15039,0.04,3.69,2.01
2021-03-08,12609.16016,0.04,3.73,2.0
2021-03-09,13073.82031,0.04,3.71,2.01
2021-03-10,13068.83008,0.03,3.7,2.05
2021-03-11,13398.66992,0.04,3.72,2.05
2021-03-12,13319.86035,0.03,3.83,2.01
2021-03-15,13459.70996,0.02,3.8,2.0
2021-03-16,13471.57031,0.01,3.81,2.01
2021-03-17,13525.2002,0.01,3.86,2.02
2021-03-18,13116.16992,0.01,3.88,2.04
2021-03-19,13215.24023,0.01,3.84,2.11
2021-03-22,13377.54004,0.02,3.77,2.15
2021-03-23,13227.7002,0.02,3.74,2.1
2021-03-24,12961.88965,0.02,3.72,2.09
2021-03-25,12977.67969,0.02,3.74,2.1
2021-03-26,13138.73047,0.02,3.76,2.11
2021-03-29,13059.65039,0.02,3.81,2.16
2021-03-30,13045.38965,0.01,3.77,2.18
2021-03-31,13246.87012,0.01,3.77,2.2
2021-04-01,13480.11035,0.02,3.67,2.15
2021-04-05,13705.58984,0.03,3.66,2.15
2021-04-06,13698.37988,0.02,3.62,2.12
2021-04-07,13688.83984,0.01,3.64,2.15
2021-04-08,13829.30957,0.02,3.62,2.11
2021-04-09,13900.19043,0.02,3.63,2.11
2021-04-12,13850.0,0.02,3.64,2.14
2021-04-13,13996.09961,0.03,3.61,2.12
2021-04-14,13857.83984,0.02,3.62,2.1
2021-04-15,14038.75977,0.02,3.51,2.11
2021-04-16,14052.33984,0.02,3.56,2.15
2021-04-19,13914.76953,0.01,3.6,2.12
2021-04-20,13786.26953,0.01,3.58,2.12
2021-04-21,13950.21973,0.0,3.58,2.13
2021-04-22,13818.41016,0.02,3.56,2.24
2021-04-23,14016.80957,0.01,3.57,2.24
2021-04-26,14138.78027,0.02,3.56,2.25
2021-04-27,14090.21973,0.01,3.6,2.27
2021-04-28,14051.03027,0.01,3.61,2.28
2021-04-29,14082.54981,0.01,3.62,2.28
2021-04-30,13962.67969,0.01,3.61,2.25
2021-05-03,13895.12012,0.02,3.59,2.24
2021-05-04,13633.5,0.01,3.58,2.22
2021-05-05,13582.41992,0.01,3.57,2.26
2021-05-06,13632.83984,0.01,3.54,2.24
2021-05-07,13752.24023,0.01,3.57,2.33
2021-05-10,13401.86035,0.02,3.61,2.37
2021-05-11,13389.42969,0.01,3.65,2.38
2021-05-12,13031.67969,0.01,3.71,2.36
2021-05-13,13124.99023,0.0,3.7,2.37
2021-05-14,13429.98047,0.01,3.66,2.34
2021-05-17,13379.04981,0.0,3.66,2.36
2021-05-18,13303.63965,0.0,3.67,2.32
2021-05-19,13299.74023,0.0,3.7,2.3
2021-05-20,13535.74023,0.01,3.65,2.23
2021-05-21,13470.99023,0.0,3.64,2.24
2021-05-24,13661.16992,0.01,3.61,2.24
2021-05-25,13657.16992,0.01,3.57,2.21
2021-05-26,13738.0,0.0,3.56,2.2
2021-05-27,13736.28027,0.0,3.59,2.25
2021-05-28,13748.74023,0.01,3.57,2.27
2021-06-01,13736.48047,0.01,3.59,2.32
2021-06-02,13756.33008,0.01,3.57,2.29
2021-06-03,13614.50977,0.0,3.59,2.28
2021-06-04,13814.49023,0.01,3.54,2.26
2021-06-07,13881.71973,0.01,3.55,2.27
2021-06-08,13924.91016,0.01,3.51,2.25
2021-06-09,13911.75,0.01,3.46,2.23
2021-06-10,14020.33008,0.01,3.45,2.23
2021-06-11,14069.41992,0.01,3.44,2.21
2021-06-14,14174.13965,0.01,3.47,2.28
2021-06-15,14072.86035,0.02,3.47,2.3
2021-06-16,14039.67969,0.04,3.48,2.23
2021-06-17,14161.34961,0.05,3.36,2.23
2021-06-18,14030.37988,0.05,3.3,2.11
2021-06-21,14141.48047,0.04,3.38,2.09
2021-06-22,14253.26953,0.04,3.38,2.16
2021-06-23,14271.73047,0.04,3.39,2.19
2021-06-24,14369.70996,0.05,3.37,2.15
2021-06-25,14360.38965,0.05,3.44,2.22
2021-06-28,14500.50977,0.04,3.37,2.21
2021-06-29,14528.33008,0.04,3.36,2.18
2021-06-30,14503.9502,0.05,3.32,2.17
2021-07-01,14522.37988,0.05,3.34,2.21
2021-07-02,14639.33008,0.05,3.31,2.17
2021-07-06,14663.63965,0.05,3.27,2.14
2021-07-07,14665.05957,0.05,3.22,2.13
2021-07-08,14559.78027,0.06,3.21,2.06
2021-07-09,14701.91992,0.06,3.28,2.12
2021-07-12,14733.24023,0.05,3.29,2.18
2021-07-13,14677.65039,0.05,3.33,2.16
2021-07-14,14644.9502,0.06,3.28,2.15
2021-07-15,14543.12988,0.05,3.23,2.11
2021-07-16,14427.24023,0.05,3.24,2.14
2021-07-19,14274.98047,0.05,3.16,2.07
2021-07-20,14498.87988,0.05,3.21,2.12
2021-07-21,14631.9502,0.04,3.26,2.11
2021-07-22,14684.59961,0.04,3.22,2.1
2021-07-23,14836.99023,0.05,3.23,2.17
2021-07-26,14840.70996,0.05,3.23,2.21
2021-07-27,14660.58008,0.04,3.2,2.21
2021-07-28,14762.58008,0.04,3.22,2.25
2021-07-29,14778.25977,0.05,3.22,2.28
2021-07-30,14672.67969,0.05,3.19,2.24
2021-08-02,14681.07031,0.05,3.15,2.23
2021-08-03,14761.29004,0.05,3.16,2.25
2021-08-04,14780.53027,0.05,3.15,2.2
2021-08-05,14895.12012,0.05,3.18,2.2
2021-08-06,14835.75977,0.04,3.25,2.24
2021-08-09,14860.17969,0.04,3.28,2.24
2021-08-10,14788.08984,0.05,3.31,2.27
2021-08-11,14765.13965,0.05,3.34,2.29
2021-08-12,14816.25977,0.05,3.35,2.27
2021-08-13,14822.90039,0.04,3.27,2.22
2021-08-16,14793.75977,0.04,3.23,2.22
2021-08-17,14656.17969,0.03,3.24,2.17
2021-08-18,14525.91016,0.03,3.24,2.16
2021-08-19,14541.79004,0.04,3.22,2.11
2021-08-20,14714.66016,0.04,3.22,2.14
2021-08-23,14942.65039,0.04,3.22,2.11
2021-08-24,15019.79981,0.03,3.24,2.15
2021-08-25,15041.86035,0.04,3.28,2.19
2021-08-26,14945.80957,0.04,3.26,2.16
2021-08-27,15129.5,0.04,3.23,2.25
2021-08-30,15265.88965,0.04,3.21,2.23
2021-08-31,15259.24023,0.03,3.24,2.18
2021-09-01,15309.37988,0.04,3.23,2.2
2021-09-02,15331.17969,0.05,3.21,2.17
2021-09-03,15363.51953,0.04,3.24,2.2
2021-09-07,15374.33008,0.04,3.29,2.21
2021-09-08,15286.63965,0.05,3.26,2.23
2021-09-09,15248.25,0.07,3.2,2.21
2021-09-10,15115.49023,0.06,3.23,2.25
2021-09-13,15105.58008,0.06,3.2,2.21
2021-09-14,15037.75977,0.05,3.15,2.17
2021-09-15,15161.53027,0.04,3.16,2.19
2021-09-16,15181.91992,0.06,3.18,2.17
2021-09-17,15043.96973,0.06,3.2,2.15
2021-09-20,14713.90039,0.06,3.15,2.15
2021-09-21,14746.40039,0.05,3.16,2.14
2021-09-22,14896.84961,0.04,3.15,2.15
2021-09-23,15052.24023,0.05,3.22,2.14
2021-09-24,15047.7002,0.06,3.27,2.21
2021-09-27,14969.96973,0.06,3.26,2.2
2021-09-28,14546.67969,0.07,3.34,2.23
2021-09-29,14512.44043,0.05,3.36,2.22
2021-09-30,14448.58008,0.07,3.37,2.23
2021-10-01,14566.7002,0.08,3.33,2.25
2021-10-04,14255.48047,0.09,3.34,2.23
2021-10-05,14433.83008,0.1,3.38,2.31
2021-10-06,14501.91016,0.06,3.37,2.29
2021-10-07,14654.01953,0.03,3.43,2.31
2021-10-08,14579.54004,0.02,3.45,2.36
2021-10-12,14465.91992,0.03,3.41,2.34
2021-10-13,14571.63965,0.03,3.35,2.36
2021-10-14,14823.42969,0.05,3.33,2.35
2021-10-15,14897.33984,0.04,3.35,2.41
2021-10-18,15021.80957,0.05,3.31,2.37
2021-10-19,15129.08984,0.06,3.37,2.37
2021-10-20,15121.67969,0.06,3.4,2.37
2021-10-21,15215.7002,0.06,3.42,2.34
2021-10-22,15090.2002,0.05,3.38,2.37
2021-10-25,15226.70996,0.07,3.37,2.37
2021-10-26,15235.70996,0.06,3.34,2.39
2021-10-27,15235.83984,0.06,3.23,2.34
2021-10-28,15448.12012,0.06,3.26,2.24
2021-10-29,15498.38965,0.06,3.24,2.13
2021-11-01,15595.91992,0.05,3.27,2.14
2021-11-02,15649.59961,0.05,3.27,2.18
2021-11-03,15811.58008,0.05,3.3,2.2
2021-11-04,15940.30957,0.05,3.26,2.24
2021-11-05,15971.58984,0.05,3.18,2.21
2021-11-08,15982.36035,0.04,3.18,2.3
2021-11-09,15886.54004,0.04,3.13,2.3
2021-11-10,15622.70996,0.06,3.22,2.32
2021-11-12,15860.95996,0.05,3.27,2.35
2021-11-15,15853.84961,0.06,3.33,2.35
2021-11-16,15973.86035,0.06,3.35,2.29
2021-11-17,15921.57031,0.06,3.34,2.26
2021-11-18,15993.70996,0.12,3.32,2.35
2021-11-19,16057.44043,0.11,3.27,2.28
2021-11-22,15854.75977,0.07,3.34,2.24
2021-11-23,15775.13965,0.06,3.4,2.24
2021-11-24,15845.23047,0.14,3.36,2.19
2021-11-26,15491.66016,0.11,3.3,2.18
2021-11-29,15782.83008,0.07,3.33,2.17
2021-11-30,15537.69043,0.11,3.24,2.2
2021-12-01,15254.04981,0.09,3.24,2.18
2021-12-02,15381.32031,0.05,3.24,2.21
2021-12-03,15085.46973,0.04,3.16,2.14
2021-12-06,15225.15039,0.05,3.22,2.09
2021-12-07,15686.91992,0.05,3.23,2.1
2021-12-08,15786.99023,0.04,3.31,2.16
2021-12-09,15517.37012,0.03,3.3,2.14
2021-12-10,15630.59961,0.03,3.31,2.12
2021-12-13,15413.28027,0.01,3.24,2.07
2021-12-14,15237.63965,0.02,3.26,2.08
2021-12-15,15565.58008,0.03,3.3,2.11
2021-12-16,15180.42969,0.04,3.31,2.14
2021-12-17,15169.67969,0.03,3.28,2.11
2021-12-20,14980.94043,0.03,3.32,2.13
2021-12-21,15341.08984,0.03,3.36,2.19
2021-12-22,15521.88965,0.03,3.32,2.24
2021-12-23,15653.37012,0.04,3.36,2.22
2021-12-27,15871.25977,0.04,3.34,2.25
2021-12-28,15781.71973,0.03,3.35,2.22
2021-12-29,15766.21973,0.01,3.4,2.23
2021-12-30,15741.55957,0.06,3.37,2.3
2022-01-03,15832.79981,0.05,3.45,2.25
2022-01-04,15622.71973,0.06,3.5,2.21
2022-01-05,15100.16992,0.05,3.51,2.19
2022-01-06,15080.86035,0.04,3.51,2.15
2022-01-07,14935.90039,0.05,3.54,2.18
2022-01-10,14942.83008,0.05,3.54,2.19
2022-01-11,15153.4502,0.04,3.51,2.21
2022-01-12,15188.38965,0.04,3.51,2.14
2022-01-13,14806.80957,0.05,3.5,2.09
2022-01-14,14893.75,0.05,3.57,2.09
2022-01-18,14506.90039,0.05,3.65,2.12
2022-01-19,14340.25977,0.05,3.6,2.07
2022-01-20,14154.01953,0.05,3.62,1.92
2022-01-21,13768.91992,0.05,3.59,1.98
2022-01-24,13855.12988,0.05,3.64,2.02
2022-01-25,13539.29004,0.05,3.69,2.04
2022-01-26,13542.12012,0.06,3.69,2.01
2022-01-27,13352.78027,0.04,3.67,2.04
2022-01-28,13770.57031,0.04,3.69,2.08
2022-01-31,14239.87988,0.03,3.72,2.06
2022-02-01,14346.0,0.04,3.73,2.06
2022-02-02,14417.54981,0.04,3.69,2.03
2022-02-03,13878.82031,0.03,3.74,2.0
2022-02-04,14098.00977,0.05,3.85,2.04
2022-02-07,14015.66992,0.03,3.85,2.05
2022-02-08,14194.4502,0.03,3.87,2.07
2022-02-09,14490.37012,0.04,3.86,2.06
2022-02-10,14185.63965,0.05,3.94,2.09
2022-02-11,13791.15039,0.03,3.92,2.04
2022-02-14,13790.91992,0.03,3.98,2.05
2022-02-15,14139.75977,0.02,4.04,2.07
2022-02-16,14124.08984,0.03,4.08,2.05
2022-02-17,13716.71973,0.06,4.09,1.99
2022-02-18,13548.07031,0.03,4.05,1.96
2022-02-22,13381.51953,0.03,4.07,2.01
2022-02-23,13037.49023,0.02,4.09,2.05
2022-02-24,13473.58984,0.05,4.2,2.05
2022-02-25,13694.62012,0.03,4.17,2.06
2022-02-28,13751.40039,0.06,4.17,2.13
2022-03-01,13532.45996,0.11,3.97,2.1
2022-03-02,13752.01953,0.13,4.1,2.19
2022-03-03,13537.94043,0.19,4.1,2.21
2022-03-04,13313.44043,0.15,4.05,2.15
2022-03-07,12830.95996,0.17,4.1,2.25
2022-03-08,12795.54981,0.16,4.21,2.37
2022-03-09,13255.54981,0.18,4.26,2.35
2022-03-10,13129.95996,0.19,4.36,2.3
2022-03-11,12843.80957,0.17,4.35,2.36
2022-03-14,12581.21973,0.23,4.47,2.36
2022-03-15,12948.62012,0.22,4.51,2.26
2022-03-16,13436.54981,0.24,4.42,2.26
2022-03-17,13614.78027,0.2,4.37,2.31
2022-03-18,13893.83984,0.19,4.28,2.24
2022-03-21,13838.45996,0.22,4.39,2.28
2022-03-22,14108.82031,0.2,4.43,2.3
2022-03-23,13922.59961,0.15,4.35,2.31
2022-03-24,14191.83984,0.16,4.35,2.27
2022-03-25,14169.29981,0.17,4.44,2.31
2022-03-28,14354.90039,0.19,4.4,2.34
2022-03-29,14619.63965,0.18,4.32,2.32
2022-03-30,14442.26953,0.16,4.28,2.31
2022-03-31,14220.51953,0.17,4.25,2.34
2022-04-01,14261.5,0.15,4.2,2.32
2022-04-04,14532.54981,0.18,4.23,2.32
2022-04-05,14204.16992,0.18,4.31,2.37
2022-04-06,13888.82031,0.21,4.38,2.38
2022-04-07,13897.29981,0.21,4.44,2.38
2022-04-08,13711.0,0.2,4.5,2.41
2022-04-11,13411.95996,0.22,4.61,2.45
2022-04-12,13371.57031,0.21,4.64,2.41
2022-04-13,13643.58984,0.26,4.64,2.35
2022-04-14,13351.08008,0.37,4.76,2.45
2022-04-18,13332.36035,0.38,4.79,2.48
2022-04-19,13619.66016,0.37,4.84,2.5
2022-04-20,13453.07031,0.35,4.76,2.48
2022-04-21,13174.65039,0.5,4.83,2.67
2022-04-22,12839.29004,0.46,4.86,2.59
2022-04-25,13004.84961,0.4,4.84,2.55
2022-04-26,12490.74023,0.38,4.83,2.45
2022-04-27,12488.92969,0.37,4.87,2.48
2022-04-28,12871.53027,0.37,4.91,2.55
2022-04-29,12334.63965,0.37,4.94,2.46
2022-05-02,12536.01953,0.41,5.07,2.41
2022-05-03,12563.75977,0.48,5.02,2.45
2022-05-04,12964.86035,0.49,5.01,2.48
2022-05-05,12317.69043,0.49,5.15,2.51
2022-05-06,12144.66016,0.48,5.21,2.5
2022-05-09,11623.25,0.51,5.22,2.44
2022-05-10,11737.66992,0.57,5.15,2.38
2022-05-11,11364.24023,0.59,5.08,2.4
2022-05-12,11370.95996,0.61,5.04,2.29
2022-05-13,11805.0,0.67,5.17,2.35
2022-05-16,11662.79004,0.64,5.17,2.32
2022-05-17,11984.51953,0.61,5.25,2.34
2022-05-18,11418.15039,0.56,5.2,2.39
2022-05-19,11388.5,0.65,5.21,2.21
2022-05-20,11354.62012,0.63,5.14,2.22
2022-05-23,11535.26953,0.55,5.19,2.28
2022-05-24,11264.4502,0.55,5.1,2.23
2022-05-25,11434.74023,0.58,5.04,2.24
2022-05-26,11740.65039,0.71,5.0,2.28
2022-05-27,12131.12988,0.69,5.0,2.31
2022-05-31,12081.38965,0.73,5.03,2.32
2022-06-01,11994.45996,0.77,5.02,2.34
2022-06-02,12316.90039,0.85,5.02,2.35
2022-06-03,12012.73047,0.87,5.05,2.44
2022-06-06,12061.37012,0.88,5.12,2.47
2022-06-07,12175.23047,0.87,5.05,2.43
2022-06-08,12086.26953,0.89,5.1,2.44
2022-06-09,11754.23047,1.05,5.11,2.42
2022-06-10,11340.01953,1.1,5.19,2.39
2022-06-13,10809.23047,1.13,5.41,2.37
2022-06-14,10828.34961,1.19,5.48,2.32
2022-06-15,11099.15039,1.21,5.43,2.4
2022-06-16,10646.09961,1.19,5.41,2.37
2022-06-17,10798.34961,1.15,5.38,2.36
2022-06-21,11069.29981,1.08,5.44,2.38
2022-06-22,11053.08008,0.98,5.33,2.34
2022-06-23,11232.19043,1.12,5.29,2.31
2022-06-24,11607.62012,1.19,5.35,2.3
2022-06-27,11524.54981,1.16,5.39,2.31
2022-06-28,11181.54004,1.12,5.42,2.23
2022-06-29,11177.88965,1.12,5.34,2.13
2022-06-30,11028.74023,1.28,5.29,2.08
2022-07-01,11127.84961,1.27,5.3,2.08
2022-07-05,11322.24023,1.33,5.23,2.09
2022-07-06,11361.84961,1.36,5.32,2.1
2022-07-07,11621.34961,1.55,5.34,2.13
2022-07-08,11635.30957,1.57,5.4,2.12
2022-07-11,11372.59961,1.58,5.31,2.08
2022-07-12,11264.73047,1.63,5.27,2.14
2022-07-13,11247.58008,1.78,5.23,2.11
2022-07-14,11251.19043,1.99,5.27,2.14
2022-07-15,11452.41992,1.98,5.23,2.13
2022-07-18,11360.04981,1.96,5.24,2.11
2022-07-19,11713.15039,1.93,5.27,2.11
2022-07-20,11897.65039,1.92,5.24,2.09
2022-07-21,12059.61035,2.15,5.14,2.11
2022-07-22,11834.11035,2.15,5.05,2.12
2022-07-25,11782.66992,2.14,5.12,2.14
2022-07-26,11562.57031,2.17,5.1,2.16
2022-07-27,12032.41992,2.14,5.08,2.23
2022-07-28,12162.58984,2.2,5.1,2.29
2022-07-29,12390.69043,2.22,5.03,2.33
2022-08-01,12368.98047,2.22,4.98,2.3
2022-08-02,12348.75977,2.22,5.04,2.27
2022-08-03,12668.16016,2.2,5.02,2.28
2022-08-04,12720.58008,2.19,5.0,2.28
2022-08-05,12657.54981,2.21,5.12,2.28
2022-08-08,12644.45996,2.23,5.03,2.31
2022-08-09,12493.92969,2.23,5.06,2.28
2022-08-10,12854.79981,2.24,5.07,2.25
2022-08-11,12779.91016,2.24,5.16,2.27
2022-08-12,13047.19043,2.23,5.11,2.27
2022-08-15,13128.04981,2.27,5.06,2.26
2022-08-16,13102.54981,2.26,5.09,2.27
2022-08-17,12938.12012,2.22,5.13,2.27
2022-08-18,12965.33984,2.23,5.12,2.34
2022-08-19,12705.21973,2.23,5.23,2.38
2022-08-22,12381.57031,2.27,5.27,2.4
2022-08-23,12381.29981,2.28,5.29,2.39
2022-08-24,12431.53027,2.29,5.34,2.45
2022-08-25,12639.26953,2.42,5.24,2.43
2022-08-26,12141.70996,2.39,5.23,2.41
2022-08-29,12017.66992,2.45,5.31,2.45
2022-08-30,11883.13965,2.43,5.28,2.43
2022-08-31,11816.2002,2.4,5.33,2.38
2022-09-01,11785.12988,2.53,5.48,2.38
2022-09-02,11630.86035,2.49,5.44,2.39
2022-09-06,11544.91016,2.44,5.6,2.4
2022-09-07,11791.90039,2.3,5.51,2.39
2022-09-08,11862.12988,2.57,5.54,2.36
2022-09-09,12112.30957,2.57,5.53,2.33
2022-09-12,12266.41016,2.62,5.57,2.32
2022-09-13,11633.57031,2.55,5.6,2.32
2022-09-14,11719.67969,2.54,5.56,2.3
2022-09-15,11552.36035,2.76,5.57,2.29
2022-09-16,11448.40039,2.68,5.63,2.27
2022-09-19,11535.01953,2.62,5.64,2.24
2022-09-20,11425.04981,2.57,5.7,2.32
2022-09-21,11220.19043,2.59,5.63,2.29
2022-09-22,11066.80957,2.73,5.78,2.37
2022-09-23,10867.92969,2.67,5.78,2.36
2022-09-26,10802.91992,2.73,5.89,2.31
2022-09-27,10829.5,2.71,6.05,2.31
2022-09-28,11051.63965,2.63,5.97,2.29
2022-09-29,10737.50977,2.78,6.03,2.2
2022-09-30,10575.62012,2.79,6.07,2.16
2022-10-03,10815.42969,2.87,5.96,2.22
2022-10-04,11176.41016,2.91,5.89,2.2
2022-10-05,11148.63965,2.89,5.98,2.18
2022-10-06,11073.30957,3.05,5.99,2.15
2022-10-07,10652.40039,3.03,6.06,2.18
2022-10-11,10426.19043,3.07,6.16,2.26
2022-10-12,10417.09961,3.07,6.18,2.26
2022-10-13,10649.15039,3.35,6.25,2.3
2022-10-14,10321.38965,3.3,6.28,2.38
2022-10-17,10675.79981,3.3,6.3,2.42
2022-10-18,10772.40039,3.25,6.29,2.4
2022-10-19,10680.50977,3.31,6.39,2.38
2022-10-20,10614.83984,3.58,6.48,2.37
2022-10-21,10859.71973,3.55,6.57,2.35
2022-10-24,10952.61035,3.57,6.59,2.46
2022-10-25,11199.12012,3.56,6.47,2.4
2022-10-26,10970.99023,3.54,6.37,2.32
2022-10-27,10792.66992,3.76,6.3,2.33
2022-10-28,11102.4502,3.75,6.32,2.4
2022-10-31,10988.15039,3.73,6.38,2.37
2022-11-01,10890.84961,3.72,6.29,2.37
2022-11-02,10524.79981,3.7,6.28,2.38
2022-11-03,10342.94043,3.75,6.33,2.26
2022-11-04,10475.25,3.73,6.39,2.35
2022-11-07,10564.51953,3.78,6.44,2.39
2022-11-08,10616.2002,3.66,6.37,2.39
2022-11-09,10353.16992,3.65,6.45,2.31
2022-11-10,11114.15039,3.71,6.18,2.31
2022-11-14,11196.21973,3.72,6.15,2.32
2022-11-15,11358.41016,3.77,6.03,2.3
2022-11-16,11183.66016,3.81,5.91,2.23
2022-11-17,11144.95996,3.93,5.95,2.24
2022-11-18,11146.05957,3.93,5.95,2.22
2022-11-21,11024.50977,3.97,5.91,2.28
2022-11-22,11174.41016,3.97,5.83,2.29
2022-11-23,11285.32031,4.12,5.73,2.31
2022-11-25,11226.36035,4.16,5.74,2.3
2022-11-28,11049.5,4.11,5.74,2.23
2022-11-29,10983.78027,4.08,5.81,2.2
2022-11-30,11468.0,4.07,5.83,2.27
2022-12-01,11482.4502,4.04,5.62,2.27
2022-12-02,11461.5,3.91,5.54,2.35
2022-12-05,11239.94043,3.93,5.59,2.32
2022-12-06,11014.88965,3.87,5.48,2.24
2022-12-07,10958.54981,3.79,5.37,2.19
2022-12-08,11082.0,3.75,5.39,2.2
2022-12-09,11004.62012,3.81,5.47,2.22
2022-12-12,11143.74023,3.86,5.49,2.21
2022-12-13,11256.80957,3.89,5.42,2.17
2022-12-14,11170.88965,3.91,5.44,2.13
2022-12-15,10810.53027,3.95,5.41,2.11
2022-12-16,10705.41016,3.94,5.46,2.12
2022-12-19,10546.03027,3.95,5.55,2.11
2022-12-20,10547.11035,3.89,5.68,2.22
2022-12-21,10709.37012,3.9,5.69,2.23
2022-12-22,10476.12012,3.8,5.66,2.14
2022-12-23,10497.86035,3.8,5.75,2.11
2022-12-27,10353.23047,3.87,5.86,2.19
2022-12-28,10213.29004,3.86,5.89,2.23
2022-12-29,10478.08984,4.04,5.84,2.22
2022-12-30,10466.48047,4.12,5.87,2.27
2023-01-03,10386.98047,4.17,5.82,2.23
2023-01-04,10458.75977,4.2,5.76,2.23
2023-01-05,10305.24023,4.3,5.74,2.22
2023-01-06,10569.29004,4.32,5.62,2.24
2023-01-09,10635.65039,4.37,5.55,2.26
2023-01-10,10742.62988,4.41,5.63,2.28
2023-01-11,10931.66992,4.42,5.53,2.25
2023-01-12,11001.09961,4.57,5.4,2.21
2023-01-13,11079.16016,4.58,5.44,2.16
2023-01-17,11095.11035,4.6,5.44,2.16
2023-01-18,10957.00977,4.59,5.33,2.15
2023-01-19,10852.26953,4.69,5.38,2.19
2023-01-20,11140.42969,4.69,5.46,2.23
2023-01-23,11364.41016,4.69,5.48,2.28
2023-01-24,11334.26953,4.7,5.4,2.25
2023-01-25,11313.36035,4.67,5.42,2.3
2023-01-26,11512.41016,4.61,5.4,2.34
2023-01-27,11621.70996,4.61,5.4,2.33
2023-01-30,11393.80957,4.6,5.42,2.28
2023-01-31,11584.54981,4.58,5.42,2.21
2023-02-01,11816.32031,4.59,5.3,2.21
2023-02-02,12200.82031,4.62,5.28,2.18
2023-02-03,12006.9502,4.61,5.36,2.17
2023-02-06,11887.4502,4.61,5.4,2.17
2023-02-07,12113.79004,4.62,5.45,2.22
2023-02-08,11910.51953,4.64,5.46,2.22
2023-02-09,11789.58008,4.66,5.51,2.21
2023-02-10,11718.12012,4.66,5.59,2.19
2023-02-13,11891.79004,4.66,5.56,2.18
2023-02-14,11960.15039,4.63,5.58,2.17
2023-02-15,12070.58984,4.64,5.63,2.19
2023-02-16,11855.83008,4.66,5.7,2.22
2023-02-17,11787.26953,4.64,5.71,2.22
2023-02-21,11492.29981,4.63,5.82,2.26
2023-02-22,11507.07031,4.62,5.78,2.3
2023-02-23,11590.40039,4.66,5.74,2.28
2023-02-24,11394.94043,4.68,5.81,2.29
2023-02-27,11466.98047,4.67,5.79,2.23
2023-02-28,11455.54004,4.65,5.82,2.28
2023-03-01,11379.48047,4.67,5.85,2.29
2023-03-02,11462.98047,4.75,5.9,2.31
2023-03-03,11689.00977,4.75,5.76,2.33
2023-03-06,11675.74023,4.75,5.77,2.28
2023-03-07,11530.33008,4.8,5.76,2.22
2023-03-08,11576.0,4.77,5.77,2.17
2023-03-09,11338.34961,4.83,5.78,2.17
2023-03-10,11138.88965,4.81,5.66,2.18
2023-03-13,11188.83984,4.62,5.69,2.22
2023-03-14,11428.15039,4.47,5.75,2.27
2023-03-15,11434.04981,4.23,5.73,2.25
2023-03-16,11717.28027,4.22,5.72,2.18
2023-03-17,11630.50977,4.31,5.6,2.1
2023-03-20,11675.54004,4.34,5.66,2.14
2023-03-21,11860.11035,4.07,5.7,2.21
2023-03-22,11669.95996,4.16,5.64,2.25
2023-03-23,11787.40039,4.26,5.64,2.12
2023-03-24,11823.95996,4.28,5.62,2.23
2023-03-27,11768.83984,4.22,5.72,2.21
2023-03-28,11716.08008,4.24,5.74,2.28
2023-03-29,11926.24023,4.34,5.72,2.28
2023-03-30,12013.46973,4.74,5.66,2.28
2023-03-31,12221.91016,4.74,5.59,2.24
2023-04-03,12189.4502,4.7,5.54,2.19
2023-04-04,12126.33008,4.66,5.45,2.18
2023-04-05,11996.86035,4.62,5.44,2.17
2023-04-06,12087.95996,4.57,5.41,2.17
2023-04-10,12084.36035,4.53,5.5,2.2
2023-04-11,12031.87988,4.27,5.48,2.22
2023-04-12,11929.33984,4.27,5.49,2.25
2023-04-13,12166.26953,4.08,5.52,2.29
2023-04-14,12123.46973,4.29,5.57,2.29
2023-04-17,12157.71973,4.09,5.62,2.29
2023-04-18,12153.41016,3.89,5.59,2.23
2023-04-19,12157.23047,3.95,5.61,2.23
2023-04-20,12059.55957,3.4,5.59,2.24
2023-04-21,12072.45996,3.36,5.61,2.26
2023-04-24,12037.2002,3.54,5.56,2.23
2023-04-25,11799.16016,4.11,5.49,2.24
2023-04-26,11854.34961,3.91,5.54,2.24
2023-04-27,12142.24023,4.27,5.6,2.25
2023-04-28,12226.58008,4.35,5.52,2.16
2023-05-01,12212.59961,4.49,5.65,2.22
2023-05-02,12080.50977,4.56,5.6,2.22
2023-05-03,12025.33008,4.7,5.58,2.21
2023-05-04,11966.40039,5.76,5.61,2.25
2023-05-05,12235.41016,5.59,5.64,2.23
2023-05-08,12256.91992,5.51,5.72,2.24
2023-05-09,12179.54981,5.56,5.74,2.24
2023-05-10,12306.44043,5.5,5.69,2.21
2023-05-11,12328.50977,5.81,5.64,2.22
2023-05-12,12284.74023,5.79,5.67,2.25
2023-05-15,12365.20996,5.64,5.77,2.26
2023-05-16,12343.04981,5.58,5.82,2.27
2023-05-17,12500.57031,5.5,5.83,2.28
2023-05-18,12688.83984,5.59,5.85,2.3
2023-05-19,12657.90039,5.62,5.88,2.29
2023-05-22,12720.78027,5.69,5.91,2.3
2023-05-23,12560.25,5.67,5.89,2.31
2023-05-24,12484.16016,5.73,5.91,2.36
2023-05-25,12698.08984,5.95,5.93,2.38
2023-05-26,12975.69043,6.02,5.9,2.33
2023-05-30,13017.42969,5.31,5.83,2.32
2023-05-31,12935.29004,5.28,5.8,2.29
2023-06-01,13100.98047,5.3,5.76,2.25
2023-06-02,13240.76953,5.28,5.8,2.23
2023-06-05,13229.42969,5.25,5.79,2.23
2023-06-06,13276.41992,5.15,5.78,2.26
